amount,duration,payments,neg_balance,min_balance,mean_balance,gender,DB_mo,DB_dy,age,label
96396,12,8033,20.0,-12554.800000000003,34233.780049875306,0,7,22,53,1
165960,36,4610,1.0,-1573.9000000000015,35762.63942766296,1,7,22,32,0
127080,60,2118,0.0,0.0,26159.043594010018,1,6,2,64,0
105804,36,2939,0.0,0.0,29682.44086956524,0,4,20,60,0
274740,60,4579,1.0,-11383.699999999997,45677.0957894739,1,9,7,22,0
87840,24,3660,2.0,-2434.7000000000007,25715.900297619035,0,2,16,20,0
87840,24,3660,2.0,-2434.7000000000007,25715.900297619035,1,10,19,15,0
52788,12,4399,0.0,0.0,19338.98053830229,1,2,16,27,0
174744,24,7281,8.0,-15561.0,34427.81453744491,0,8,12,52,1
154416,48,3217,2.0,-11202.199999999997,46142.015498938345,0,5,25,31,0
117024,24,4876,3.0,-12225.099999999999,52869.45965770174,1,10,3,65,0
21924,36,609,1.0,-6811.699999999997,41430.68765432099,1,8,20,40,0
21924,36,609,1.0,-6811.699999999997,41430.68765432099,0,11,1,41,0
79608,24,3317,4.0,-42503.7,50588.55760869564,1,4,28,30,0
464520,60,7742,36.0,-19578.4,27180.33744292242,0,12,2,60,1
95400,36,2650,10.0,-13229.4,55318.950836820055,1,2,10,29,0
93888,36,2608,2.0,-662.2999999999993,27688.943280182266,0,10,20,50,0
47016,12,3918,16.0,-10929.400000000001,41065.72735042734,0,12,31,43,0
259740,60,4329,1.0,-16698.3,29758.95795454543,1,3,16,21,0
38148,12,3179,0.0,0.0,33857.12866556831,0,1,22,35,0
86616,12,7218,1.0,-3645.5999999999985,51524.23202146695,1,9,28,39,0
75624,24,3151,30.0,-14074.0,28731.823399558434,1,12,7,42,1
80952,24,3373,1.0,-14698.0,29921.3962264151,1,2,4,55,0
80952,24,3373,1.0,-14698.0,29921.3962264151,0,10,9,60,0
80952,24,3373,1.0,-14821.8,28937.61719077565,1,2,4,55,0
80952,24,3373,1.0,-14821.8,28937.61719077565,0,10,9,60,0
24516,12,2043,17.0,-14243.8,42837.14812030067,1,10,7,42,0
253200,60,4220,5.0,-10311.800000000003,37650.32525510205,0,3,13,50,0
21072,24,878,0.0,0.0,29796.744916820688,0,8,9,36,0
108144,36,3004,3.0,-14174.900000000001,47467.409856262886,0,5,12,37,0
108144,36,3004,3.0,-14174.900000000001,47467.409856262886,1,4,23,43,0
78936,12,6578,0.0,0.0,27585.679116465857,0,1,22,43,0
149040,48,3105,0.0,0.0,31016.154932735448,0,12,20,32,0
49320,12,4110,14.0,-14634.6,39784.008082706794,0,10,3,55,1
197748,36,5493,1.0,-5404.0999999999985,40171.93990610326,0,5,5,30,0
197748,36,5493,1.0,-5404.0999999999985,40171.93990610326,1,7,8,32,0
300660,60,5011,3.0,-19954.9,40890.059333333294,1,1,7,50,0
182628,36,5073,0.0,0.0,34164.12687651337,1,5,23,41,0
91632,12,7636,2.0,-10970.3,41962.123566878974,0,12,28,38,0
91632,12,7636,2.0,-10970.3,41962.123566878974,1,3,26,39,0
51696,24,2154,2.0,-19690.199999999997,45977.11686746991,0,1,28,32,0
55368,24,2307,16.0,-19470.7,33635.494589552225,0,12,25,61,0
91200,24,3800,4.0,-9654.099999999999,24946.898305084756,0,8,26,45,0
91200,24,3800,4.0,-9654.099999999999,24946.898305084756,1,4,5,42,0
7656,24,319,4.0,-4159.9000000000015,40722.48678160918,0,9,3,38,0
7656,24,319,4.0,-4159.9000000000015,40722.48678160918,1,6,7,41,0
212400,36,5900,1.0,-9752.400000000001,52641.43525345615,0,10,24,34,0
167100,60,2785,2.0,-9657.599999999999,44015.757437070904,0,1,17,30,0
167100,60,2785,2.0,-9657.599999999999,44015.757437070904,1,6,2,27,0
149340,60,2489,0.0,0.0,29509.012676056325,1,2,1,37,0
65184,12,5432,1.0,-4439.9000000000015,58860.36052060741,1,9,29,43,0
215388,36,5983,29.0,-23524.4,28437.654797979787,1,12,17,41,1
89040,60,1484,0.0,0.0,32822.160150375974,0,1,25,30,0
89040,60,1484,0.0,0.0,32822.160150375974,1,11,16,24,0
193968,36,5388,2.0,-2537.800000000003,43853.47266009857,1,12,3,28,0
24312,12,2026,2.0,-3556.7000000000007,31229.352442159397,0,11,19,45,0
272520,60,4542,3.0,-12051.400000000001,41716.99110169487,1,9,2,61,0
272520,60,4542,3.0,-12051.400000000001,41716.99110169487,0,8,19,59,0
80340,12,6695,1.0,-29387.6,43191.6116113744,0,2,6,24,0
80340,12,6695,1.0,-29387.6,43191.6116113744,1,1,5,22,0
97632,12,8136,3.0,-11401.099999999999,46202.35531135519,0,9,7,32,0
196080,48,4085,3.0,-13150.599999999999,51475.32714617175,1,5,27,42,0
76908,12,6409,19.0,-15492.800000000003,35389.84081196585,0,1,19,54,1
63312,48,1319,0.0,0.0,15556.732589285739,0,5,7,44,0
25944,24,1081,0.0,0.0,42601.98647887327,0,5,21,40,0
104808,12,8734,1.0,-331.5,32820.07894736841,1,11,30,61,0
104808,12,8734,1.0,-331.5,32820.07894736841,0,6,28,55,0
208320,48,4340,4.0,-10916.8,32018.476867469893,0,4,14,32,0
208320,48,4340,4.0,-10916.8,32018.476867469893,1,4,20,40,0
151560,24,6315,2.0,-856.5,44111.245714285746,1,5,5,47,0
52128,24,2172,11.0,-18015.3,39337.59751434037,0,7,17,41,0
300204,36,8339,0.0,0.0,28333.089294403882,1,3,13,36,0
77640,12,6470,0.0,0.0,48975.66567164176,1,7,10,33,0
87216,48,1817,61.0,-22671.1,13842.063179074448,1,5,13,36,1
87360,24,3640,4.0,-8083.0999999999985,42442.08050632913,1,7,10,38,0
69360,48,1445,0.0,0.0,29078.825870646775,1,7,28,59,0
288360,60,4806,1.0,-1152.699999999997,31986.344477611925,1,12,15,65,0
174744,24,7281,93.0,-33582.8,22109.301328273254,0,11,21,22,1
239460,60,3991,2.0,-393.3000000000002,27754.82719486082,0,9,13,58,0
91584,24,3816,4.0,-7883.0,36401.51593406596,0,11,16,49,0
244560,60,4076,9.0,-12344.599999999999,21561.45906593409,0,7,19,33,0
4980,12,415,1.0,-256.0,22523.046052631522,0,7,26,48,0
111384,24,4641,8.0,-32297.5,49300.21648177493,1,2,10,33,0
276660,36,7685,17.0,-11068.0,12900.541131105389,1,5,18,51,1
39576,12,3298,1.0,-40.20000000000073,55353.438184663464,0,5,2,20,0
173808,24,7242,1.0,-12290.5,48614.677678571476,0,1,27,43,0
173808,24,7242,1.0,-12290.5,48614.677678571476,1,3,5,50,0
50460,60,841,1.0,-1153.7000000000007,51542.276699029084,0,10,17,53,0
252060,60,4201,17.0,-8318.0,26999.141986455983,0,8,3,35,1
143904,24,5996,1.0,-5540.0999999999985,47474.76510791366,1,4,10,49,0
208128,48,4336,13.0,-19514.9,36467.75000000001,1,8,6,49,1
131292,36,3647,0.0,0.0,32704.097161572045,1,3,20,46,0
74736,36,2076,1.0,-281.7000000000007,32497.478832116758,1,10,29,35,0
299088,36,8308,44.0,-15388.199999999997,26205.580891719717,0,12,10,34,1
189300,60,3155,1.0,-8554.7,45505.40847750859,1,12,5,47,0
14628,12,1219,0.0,0.0,41113.48270440263,0,3,8,51,0
120888,36,3358,0.0,0.0,32996.44813953491,0,4,20,56,0
172080,48,3585,2.0,-9404.0,48511.72468827929,0,3,5,43,0
323472,48,6739,9.0,-15809.699999999997,38561.251785714296,0,10,15,60,0
74688,12,6224,6.0,-2790.2999999999993,36580.66247619054,0,1,26,55,0
74688,12,6224,6.0,-2790.2999999999993,36580.66247619054,1,1,15,50,0
45768,12,3814,6.0,-6135.1,25208.30433604336,0,5,27,23,0
224604,36,6239,2.0,-24498.3,53729.274704491705,1,5,24,24,0
224604,36,6239,2.0,-24498.3,53729.274704491705,0,8,13,21,0
79632,24,3318,3.0,-9226.5,43995.76498905913,0,8,10,41,0
121896,24,5079,3.0,-13674.099999999999,55051.564300202794,1,3,7,35,0
82896,12,6908,3.0,-1926.0999999999985,47000.22092257003,1,2,6,28,0
82896,12,6908,3.0,-1926.0999999999985,47000.22092257003,0,5,2,25,0
23628,12,1969,3.0,-3747.0,55526.364664311,1,3,9,46,0
209184,48,4358,2.0,-13016.199999999997,43867.572817955086,1,6,18,47,0
41904,12,3492,1.0,-6558.4000000000015,50738.989596273284,1,7,8,26,0
87816,12,7318,6.0,-7014.6,14391.822911051202,1,5,2,39,0
87816,12,7318,6.0,-7014.6,14391.822911051202,0,5,25,34,0
23052,12,1921,2.0,-9060.2,20772.526847662142,0,11,1,60,0
23052,12,1921,2.0,-9060.2,20772.526847662142,1,2,10,54,0
189696,24,7904,34.0,-35743.2,26145.375074183972,0,2,19,30,1
230220,36,6395,30.0,-15219.0,25491.450888888907,0,11,9,58,1
71460,12,5955,9.0,-5678.3,32012.219259259266,1,8,3,55,0
71460,12,5955,9.0,-5678.3,32012.219259259266,0,6,15,57,0
141240,24,5885,0.0,0.0,55262.02232854845,1,9,11,38,0
11736,24,489,3.0,-8540.900000000001,29142.575086505214,1,9,16,62,0
192744,36,5354,3.0,-27993.2,56235.42657342665,0,9,20,29,0
192744,36,5354,3.0,-27993.2,56235.42657342665,1,6,6,21,0
227880,36,6330,2.0,-2659.699999999997,52658.55829787229,0,11,4,45,0
227880,36,6330,2.0,-2659.699999999997,52658.55829787229,1,7,9,47,0
17508,12,1459,1.0,-7437.0999999999985,47153.32528409083,1,4,1,54,0
98184,24,4091,9.0,-18703.0,32093.986764705907,0,6,12,55,0
170256,24,7094,0.0,0.0,47235.63154034238,0,7,16,35,0
83016,12,6918,1.0,-7808.4000000000015,52102.577482269386,1,3,26,21,0
61056,48,1272,1.0,-17205.9,28338.332532751137,0,9,6,43,0
123696,48,2577,0.0,0.0,44975.099795918366,1,8,27,60,0
59760,24,2490,1.0,-10203.7,54826.56313253007,1,11,26,42,0
59760,24,2490,1.0,-10203.7,54826.56313253007,0,9,8,36,0
48672,36,1352,0.0,0.0,17491.98601769912,0,5,2,52,0
48672,36,1352,0.0,0.0,17491.98601769912,1,10,26,52,0
140400,36,3900,9.0,-18310.6,49734.3446224256,1,10,15,59,0
192552,24,8023,55.0,-28281.2,28268.523138297875,0,12,31,37,1
164052,36,4557,33.0,-32864.7,26850.495064935054,0,9,12,25,1
205200,36,5700,0.0,0.0,47577.962989323765,0,1,25,37,0
51408,24,2142,1.0,-4316.5,51230.68638613861,1,7,24,51,0
199680,60,3328,1.0,-3324.4000000000015,26134.86482412061,1,5,23,51,0
482940,60,8049,11.0,-3569.8,16076.802516778534,0,5,21,24,1
36684,12,3057,1.0,-7820.5,22307.562004661973,0,9,23,22,0
398640,60,6644,5.0,-37137.0,53384.22424999997,0,2,9,40,0
100980,60,1683,1.0,-823.2000000000007,36421.38643216083,1,7,31,35,0
31248,12,2604,1.0,-7089.199999999997,48940.26113744075,0,3,15,61,0
115992,36,3222,6.0,-13508.0,43876.97413479053,1,5,17,63,0
76380,12,6365,2.0,-447.5,14798.565714285682,0,6,28,43,0
288468,36,8013,1.0,-3412.3,27879.25378590077,0,10,26,42,0
177744,48,3703,26.0,-43771.5,41368.728537735864,1,3,13,28,1
270648,36,7518,20.0,-11963.2,37000.02660098519,1,11,4,63,1
48624,24,2026,0.0,0.0,59102.7215447154,1,9,30,39,0
76416,24,3184,1.0,-1910.6000000000004,33271.647537878795,1,9,2,63,0
76416,24,3184,1.0,-1910.6000000000004,33271.647537878795,0,11,19,66,0
137880,60,2298,23.0,-71242.4,27314.338154613484,1,3,12,37,1
347952,48,7249,1.0,-19600.4,52980.098762376256,0,10,30,36,0
68112,12,5676,0.0,0.0,43926.757093425644,0,11,30,23,0
95808,12,7984,6.0,-48706.0,51784.75288461534,1,9,7,60,0
20832,48,434,2.0,-6654.200000000001,18269.513220338995,1,5,4,52,0
316140,60,5269,134.0,-20020.8,5818.248786407785,1,2,22,32,1
43164,12,3597,1.0,-824.9000000000015,46879.32585751976,0,1,6,24,0
221280,48,4610,3.0,-7828.9000000000015,26857.78207792211,1,3,28,32,0
221280,48,4610,3.0,-7828.9000000000015,26857.78207792211,0,9,23,36,0
151728,48,3161,23.0,-28937.4,36349.501213592244,1,6,23,24,1
79920,60,1332,3.0,-14851.0,38896.58217391306,1,4,5,47,0
538500,60,8975,0.0,0.0,23977.39303621169,1,6,28,40,0
97224,24,4051,0.0,0.0,30318.525366876343,0,4,7,49,0
97224,24,4051,0.0,0.0,30318.525366876343,1,2,1,50,0
28248,24,1177,1.0,-5075.300000000003,52541.417948717906,0,2,10,30,0
168984,24,7041,7.0,-6817.7,52582.98130081302,1,3,18,24,1
76680,24,3195,0.0,0.0,44857.966975881245,1,1,7,51,0
76680,24,3195,0.0,0.0,44857.966975881245,0,3,19,46,0
331560,60,5526,0.0,0.0,50448.21688311683,1,11,23,20,0
331560,60,5526,0.0,0.0,50448.21688311683,0,6,25,18,0
103680,60,1728,52.0,-31495.5,16999.75943661972,1,6,24,29,1
99696,48,2077,20.0,-20481.5,43267.50257611245,0,6,25,29,1
134784,24,5616,1.0,-4760.800000000003,51493.64100719423,0,5,11,60,0
15420,12,1285,0.0,0.0,31517.372015655645,0,6,4,35,0
31728,24,1322,2.0,-12801.1,30186.071759259277,1,4,10,50,0
31728,24,1322,2.0,-12801.1,30186.071759259277,0,11,9,50,0
185952,48,3874,0.0,0.0,37703.60366197187,1,2,22,55,0
156672,36,4352,1.0,-16.399999999999636,16493.161917808207,0,4,25,44,0
18564,12,1547,0.0,0.0,48759.66081504698,0,2,4,37,0
158976,48,3312,1.0,-37274.8,42906.48470790396,1,1,9,61,0
47304,24,1971,3.0,-30489.1,54434.69725776976,1,8,3,29,0
104712,24,4363,0.0,0.0,35685.69715536104,1,12,12,56,0
126600,24,5275,0.0,0.0,34480.647761194006,1,2,27,61,0
68400,12,5700,12.0,-23241.5,24354.21037344398,0,6,9,24,1
225420,60,3757,1.0,-8666.599999999999,29599.52500000002,0,8,3,52,0
248148,36,6893,3.0,-10575.2,25231.44560327193,0,7,24,60,0
187224,24,7801,41.0,-52143.3,33457.13342175067,1,10,8,53,1
36396,12,3033,1.0,-2715.300000000003,44064.09293598231,1,4,3,28,0
189060,60,3151,1.0,-261.5,43280.62459016394,0,12,30,42,0
71064,36,1974,1.0,-1384.5999999999985,28033.3862745098,0,10,17,54,0
87216,48,1817,1.0,-229.5,23584.057058823568,0,3,16,46,0
158760,60,2646,10.0,-4798.4,18518.450661625695,1,1,31,22,0
417060,60,6951,0.0,0.0,35617.858612440206,0,9,14,39,0
417060,60,6951,0.0,0.0,35617.858612440206,1,11,10,42,0
63360,60,1056,0.0,0.0,26028.508542713582,1,8,14,45,0
63360,60,1056,0.0,0.0,26028.508542713582,0,7,12,38,0
29784,24,1241,0.0,0.0,35817.61402439026,0,12,25,31,0
29784,24,1241,0.0,0.0,35817.61402439026,1,6,27,27,0
139536,24,5814,3.0,-4903.0,44856.85365344474,0,9,13,59,0
265320,36,7370,0.0,0.0,33775.75189309574,0,8,28,52,0
265320,36,7370,0.0,0.0,33775.75189309574,1,12,4,50,0
198240,24,8260,0.0,0.0,22151.862251655635,1,2,18,44,0
60000,60,1000,1.0,-7734.5,34155.597582417555,1,10,15,54,0
465072,48,9689,5.0,-7436.6,35067.5912820513,1,5,8,52,0
465072,48,9689,5.0,-7436.6,35067.5912820513,0,5,11,59,0
98592,24,4108,0.0,0.0,35953.458153846186,0,12,24,37,0
285600,60,4760,1.0,-2596.699999999997,44454.94382716055,0,12,7,20,0
285600,60,4760,1.0,-2596.699999999997,44454.94382716055,1,6,7,19,0
44088,24,1837,0.0,0.0,37633.001003344514,0,6,25,49,0
20220,12,1685,2.0,-25003.699999999997,39648.23168044077,0,5,15,27,0
107640,24,4485,0.0,0.0,47128.0783475784,0,11,22,41,0
21396,12,1783,2.0,-4808.299999999999,25273.96033333334,1,9,9,32,0
21396,12,1783,2.0,-4808.299999999999,25273.96033333334,0,1,28,25,0
33984,48,708,0.0,0.0,47420.90280112041,1,8,4,28,0
45336,24,1889,0.0,0.0,44307.64522471906,1,4,29,43,0
85860,60,1431,0.0,0.0,38271.76539379473,0,10,20,45,0
188688,48,3931,1.0,-2671.9000000000015,41031.96877076412,0,7,23,35,0
309552,48,6449,0.0,0.0,39304.18810975615,1,1,29,65,0
36168,12,3014,1.0,-1736.2999999999993,24948.970712401042,1,8,19,39,0
314520,60,5242,7.0,-10335.099999999999,45237.48970251724,0,11,18,45,0
21852,36,607,0.0,0.0,52184.4303398057,1,12,5,46,0
266220,60,4437,1.0,-2592.9000000000015,31568.046022727296,0,2,17,35,0
231696,36,6436,1.0,-303.40000000000146,34364.45223880599,1,5,30,27,0
231696,36,6436,1.0,-303.40000000000146,34364.45223880599,0,1,3,26,0
260028,36,7223,2.0,-735.6000000000004,34637.427754237324,1,11,25,24,0
419880,60,6998,2.0,-29509.6,35777.6685430464,0,10,30,55,0
419880,60,6998,2.0,-29509.6,35777.6685430464,1,4,6,57,0
37908,12,3159,0.0,0.0,30183.504529616708,0,5,8,24,0
73836,36,2051,2.0,-2996.9000000000015,35017.76656626514,0,5,29,33,0
41952,12,3496,0.0,0.0,29005.984418604723,1,12,10,28,0
99336,24,4139,1.0,-1770.7000000000007,34911.001324503384,0,7,9,20,0
60156,36,1671,27.0,-50925.3,30109.083393501805,1,8,8,24,1
182040,60,3034,1.0,-5664.800000000003,54917.434426229476,0,3,24,49,0
182040,60,3034,1.0,-5664.800000000003,54917.434426229476,1,8,22,51,0
244368,48,5091,3.0,-24310.0,49921.62924791091,1,4,2,30,0
113796,36,3161,1.0,-1140.2000000000007,26054.672753623203,1,10,9,29,0
113796,36,3161,1.0,-1140.2000000000007,26054.672753623203,0,12,9,23,0
73056,48,1522,0.0,0.0,15875.202389078499,1,12,18,30,0
73056,48,1522,0.0,0.0,15875.202389078499,0,1,10,23,0
137904,24,5746,71.0,-23837.2,5144.716431924884,1,5,6,32,1
31176,24,1299,0.0,0.0,28695.070903009993,1,1,29,32,0
217152,36,6032,0.0,0.0,44676.75799373041,1,7,7,26,0
194880,48,4060,1.0,-2752.7999999999993,30702.747199999998,1,12,6,21,0
27984,12,2332,6.0,-31007.3,33012.42153846156,1,2,16,51,0
92976,24,3874,4.0,-10168.9,49717.03150357984,0,10,7,30,0
92976,24,3874,4.0,-10168.9,49717.03150357984,1,2,23,23,0
104712,24,4363,4.0,-12475.2,52341.87541766107,0,10,7,30,0
104712,24,4363,4.0,-12475.2,52341.87541766107,1,2,23,23,0
191880,60,3198,1.0,-5879.5999999999985,45544.02656641598,1,3,8,51,0
232560,48,4845,1.0,-27078.0,38936.345041322376,0,1,29,30,0
204000,60,3400,0.0,0.0,50451.93395638629,1,5,6,56,0
125340,60,2089,1.0,-12750.199999999997,55715.212393162496,1,6,15,56,0
309600,48,6450,1.0,-18737.9,53551.10612244895,1,6,26,25,0
189696,24,7904,1.0,-12453.099999999999,39635.42839805834,1,9,24,55,0
189696,24,7904,1.0,-12453.099999999999,39635.42839805834,0,11,13,56,0
135360,48,2820,8.0,-22118.5,44811.07457044673,1,9,24,25,0
98832,48,2059,8.0,-25553.0,23807.863852813807,0,9,10,30,0
20352,48,424,0.0,0.0,22386.973539518884,0,3,5,52,0
20352,48,424,0.0,0.0,22386.973539518884,1,5,27,48,0
165120,60,2752,0.0,0.0,18305.99968354432,0,3,18,50,0
165120,60,2752,0.0,0.0,18305.99968354432,1,11,5,47,0
89880,24,3745,1.0,-2661.5,56734.249999999905,1,5,16,37,0
128988,36,3583,12.0,-32240.4,33568.81993464052,1,8,15,61,1
63252,12,5271,2.0,-5398.700000000001,37010.91581291761,0,6,24,51,0
61656,24,2569,9.0,-22919.2,36447.64939393942,0,12,25,47,1
72408,24,3017,14.0,-9552.3,33824.54545454548,0,6,13,42,1
113544,36,3154,2.0,-15274.900000000001,40235.661388888875,1,9,18,58,0
56100,60,935,0.0,0.0,17039.379323308283,1,7,7,42,0
290700,60,4845,23.0,-23523.7,41003.849517684845,0,2,27,41,1
123216,48,2567,4.0,-11707.099999999999,62362.524200913205,0,8,12,23,0
123216,48,2567,4.0,-11707.099999999999,62362.524200913205,1,1,29,22,0
380160,60,6336,4.0,-42499.4,52767.29398907096,1,12,15,51,0
213300,36,5925,0.0,0.0,20575.15036764707,1,4,22,36,0
247728,48,5161,2.0,-9093.8,41117.71428571429,1,6,19,21,0
202788,36,5633,0.0,0.0,53031.262804878126,0,7,20,47,0
154656,48,3222,1.0,-5780.200000000001,34097.84199395772,1,11,28,44,0
100224,48,2088,33.0,-17169.8,11946.655681818178,0,2,1,43,1
44628,12,3719,2.0,-5310.5,45691.15039577843,1,11,26,57,0
215616,48,4492,29.0,-15124.6,13081.190140845065,1,2,17,43,1
200976,48,4187,1.0,-13813.0,32125.979770992384,1,2,20,45,0
277884,36,7719,19.0,-23669.5,24669.548327137538,0,9,17,20,1
249312,48,5194,14.0,-11459.3,33612.76086956516,1,5,21,45,0
320976,48,6687,18.0,-14967.1,33263.67449664427,1,8,9,64,1
30276,12,2523,56.0,-26460.9,11908.837700534787,0,4,23,61,1
49440,60,824,1.0,-4975.9000000000015,47981.8476190476,0,10,6,34,0
30276,12,2523,40.0,-29104.7,11054.882392026571,0,4,23,61,1
165960,24,6915,0.0,0.0,45105.92526315788,0,6,13,56,0
123600,60,2060,2.0,-1823.800000000003,33637.25526315788,1,6,30,33,0
123600,60,2060,2.0,-1823.800000000003,33637.25526315788,0,4,14,39,0
220620,60,3677,0.0,0.0,25552.44641025638,0,8,15,57,0
66480,24,2770,30.0,-72978.9,21831.731979695454,1,7,21,65,1
320592,48,6679,0.0,0.0,49916.37046263343,0,11,9,30,0
320592,48,6679,0.0,0.0,49916.37046263343,1,5,9,35,0
161496,36,4486,2.0,-15934.5,37485.20142450147,1,7,24,29,0
284280,60,4738,2.0,-4238.0999999999985,58891.254915254234,0,9,15,42,0
284280,60,4738,2.0,-4238.0999999999985,58891.254915254234,1,10,1,41,0
173016,36,4806,4.0,-45269.4,45407.39139465876,0,2,23,55,0
368880,60,6148,3.0,-5337.699999999997,40725.927672956015,1,8,4,26,0
368880,60,6148,3.0,-5337.699999999997,40725.927672956015,0,9,9,22,0
176148,36,4893,0.0,0.0,34180.14254385961,0,11,20,37,0
186384,48,3883,4.0,-19444.1,46312.36069767437,1,1,29,41,0
360000,48,7500,5.0,-33076.5,45690.17526881722,0,3,7,27,0
30060,60,501,1.0,-1091.5,24130.115800415755,1,9,6,49,0
46320,24,1930,3.0,-15205.099999999999,38741.96644880181,1,2,14,21,0
141948,36,3943,0.0,0.0,40241.141509434,0,9,26,50,0
19044,36,529,0.0,0.0,50078.76897959187,0,4,5,26,0
85716,36,2381,18.0,-4755.0,16808.37822580645,1,5,3,62,0
85716,36,2381,18.0,-4755.0,16808.37822580645,0,4,28,57,0
155880,24,6495,1.0,-7949.300000000003,55740.778701298725,0,10,30,32,0
155880,24,6495,1.0,-7949.300000000003,55740.778701298725,1,4,17,32,0
32640,48,680,2.0,-5594.0,32133.892982456146,1,10,15,58,0
20196,36,561,0.0,0.0,47095.1392982456,1,2,25,29,0
444864,48,9268,0.0,0.0,27171.875000000025,1,3,29,36,0
444864,48,9268,0.0,0.0,27171.875000000025,0,10,30,35,0
11400,12,950,0.0,0.0,26002.881191222594,0,4,30,20,0
96768,36,2688,4.0,-10369.099999999999,46861.144839857625,0,1,6,32,0
96768,36,2688,4.0,-10369.099999999999,46861.144839857625,1,9,11,39,0
133968,48,2791,1.0,-4141.5,45311.51657754008,1,5,30,57,0
133968,48,2791,1.0,-4141.5,45311.51657754008,0,9,30,64,0
187104,24,7796,0.0,0.0,53215.83169642859,0,5,10,23,0
162468,36,4513,1.0,-4489.9000000000015,21108.851442307696,0,8,23,43,0
162468,36,4513,1.0,-4489.9000000000015,21108.851442307696,1,8,21,46,0
89340,60,1489,1.0,-1015.0,49189.78739837403,0,11,12,29,0
89340,60,1489,1.0,-1015.0,49189.78739837403,1,2,24,29,0
89340,60,1489,1.0,-281.40000000000146,49867.010162601604,0,11,12,29,0
89340,60,1489,1.0,-281.40000000000146,49867.010162601604,1,2,24,29,0
258444,36,7179,0.0,0.0,46213.6142156863,1,5,27,34,0
155640,24,6485,1.0,-4316.5,31584.172010869566,0,1,7,57,0
270384,48,5633,0.0,0.0,36174.98007117437,1,4,7,38,0
54024,12,4502,0.0,0.0,28069.055319148894,1,4,13,32,0
44376,12,3698,3.0,-25271.0,51257.416724738716,1,5,23,38,0
85632,48,1784,3.0,-17993.9,51382.07653429595,0,4,7,51,0
148920,60,2482,2.0,-2425.1000000000004,27151.426956521744,1,8,3,23,0
91152,24,3798,1.0,-5625.0,44548.38181818179,1,12,10,58,0
141648,24,5902,3.0,-9447.099999999999,35430.761038961005,1,7,17,48,0
141648,24,5902,3.0,-9447.099999999999,35430.761038961005,0,1,29,55,0
388512,48,8094,40.0,-38236.9,26712.728486646905,0,3,13,31,1
402000,60,6700,2.0,-1413.1000000000004,21100.062921348297,1,8,6,20,0
253512,36,7042,21.0,-15876.4,22942.74595959597,0,8,7,55,1
71460,36,1985,0.0,0.0,26447.994690265503,0,8,31,20,0
71460,36,1985,0.0,0.0,26447.994690265503,1,6,10,23,0
29448,12,2454,42.0,-19001.5,8752.311872146116,1,10,21,53,1
48744,36,1354,0.0,0.0,44183.43062200955,0,4,14,36,0
181020,60,3017,0.0,0.0,34394.65665399241,0,6,14,34,0
181020,60,3017,0.0,0.0,34394.65665399241,1,2,23,32,0
68832,36,1912,1.0,-5967.799999999999,30530.97868852456,1,7,1,41,0
74124,36,2059,0.0,0.0,47768.12933333343,0,4,13,61,0
174048,48,3626,2.0,-11750.699999999997,55807.13401360545,0,2,16,48,0
84120,24,3505,2.0,-32057.6,38638.02539682543,0,3,2,50,0
194940,36,5415,3.0,-15542.099999999999,42222.31359999993,1,10,30,36,0
15192,24,633,0.0,0.0,23670.075682382107,0,12,27,28,0
96168,12,8014,3.0,-64593.9,50842.04133663364,0,8,12,28,0
139464,36,3874,26.0,-20890.4,15094.465497076028,1,8,12,42,1
54396,36,1511,0.0,0.0,56283.821925133736,1,7,27,61,0
392460,60,6541,0.0,0.0,54613.47278106508,0,11,13,20,0
392460,60,6541,0.0,0.0,54613.47278106508,1,7,20,21,0
101520,12,8460,0.0,0.0,17332.583695652178,0,10,12,24,0
77184,36,2144,7.0,-57122.7,34986.697718631185,0,12,9,46,0
70656,48,1472,0.0,0.0,22252.492277992285,1,7,26,48,0
64656,48,1347,0.0,0.0,34085.89531250001,1,3,19,53,0
64656,48,1347,0.0,0.0,34085.89531250001,0,11,28,59,0
396120,60,6602,2.0,-7409.5,45716.2564102564,0,1,2,50,0
93600,24,3900,1.0,-11750.7,42732.6486013986,1,6,23,28,0
22968,36,638,0.0,0.0,37352.851209677385,0,7,27,50,0
262980,60,4383,0.0,0.0,51994.686086956564,0,3,9,34,0
372120,60,6202,2.0,-9951.400000000001,51564.631638418075,1,1,26,55,0
372120,60,6202,2.0,-9951.400000000001,51564.631638418075,0,9,3,63,0
86184,12,7182,1.0,-19967.1,38712.70754716987,0,12,4,60,0
86184,12,7182,2.0,-23540.0,35460.9087121212,0,12,4,60,0
192744,36,5354,2.0,-8539.800000000003,36909.95567567566,1,3,14,36,0
192744,36,5354,2.0,-8539.800000000003,36909.95567567566,0,5,1,29,0
68544,24,2856,0.0,0.0,42925.05980707398,1,9,16,24,0
68544,24,2856,0.0,0.0,42925.05980707398,0,9,18,16,0
88440,12,7370,0.0,0.0,39938.94000000002,0,7,3,55,0
88440,12,7370,0.0,0.0,39938.94000000002,1,9,10,62,0
110112,24,4588,3.0,-10790.800000000003,42391.12055335969,1,10,12,37,0
110136,24,4589,0.0,0.0,37801.17603305781,0,2,24,42,0
276300,60,4605,1.0,-2037.9000000000015,32556.11029411764,1,7,6,24,0
359760,60,5996,1.0,-32122.9,33876.25319148934,1,5,31,21,0
321180,60,5353,2.0,-10627.2,25039.34146341464,1,9,7,64,0
321180,60,5353,2.0,-10627.2,25039.34146341464,0,3,4,56,0
46176,48,962,1.0,-8124.0,46790.20000000001,1,11,3,34,0
421008,48,8771,1.0,-5678.5,41805.77665198237,1,6,1,47,0
72120,12,6010,1.0,-28395.2,62692.31627906982,0,11,10,48,0
72120,12,6010,1.0,-28395.2,62692.31627906982,1,2,3,41,0
228276,36,6341,1.0,-32025.5,30741.189759036144,1,8,3,39,0
228276,36,6341,1.0,-32025.5,30741.189759036144,0,6,19,33,0
182640,48,3805,4.0,-8159.9,19902.831818181832,0,4,19,58,0
61560,12,5130,9.0,-24242.1,24753.878388278397,1,1,4,57,0
179328,48,3736,1.0,-1217.2000000000007,28089.530530973443,1,11,21,27,0
155616,48,3242,1.0,-8677.4,24272.668965517238,0,10,25,41,0
417600,60,6960,0.0,0.0,44821.33532338308,1,10,12,30,0
123408,24,5142,2.0,-1238.6999999999998,45810.797492163,1,10,14,36,0
155616,48,3242,1.0,-17976.8,42151.82382198949,0,4,10,29,0
155616,48,3242,1.0,-17976.8,42151.82382198949,1,6,10,21,0
222180,60,3703,21.0,-18498.5,26969.846666666668,1,3,20,61,1
45024,48,938,1.0,-4076.7000000000007,35083.473877550954,0,5,4,43,0
115812,36,3217,1.0,-9266.900000000001,48417.96014234875,1,6,1,47,0
129408,24,5392,0.0,0.0,26569.332944606427,0,10,19,38,0
93960,60,1566,0.0,0.0,48360.74539007084,1,6,1,38,0
260640,36,7240,16.0,-7653.6,39223.13703703707,0,1,21,51,1
232560,48,4845,1.0,-413.2999999999993,28103.510817307593,0,4,27,61,0
221880,60,3698,0.0,0.0,45854.38316498318,0,9,29,57,0
221880,60,3698,0.0,0.0,45854.38316498318,1,6,4,54,0
38520,12,3210,0.0,0.0,15442.06611570248,1,12,6,61,0
68340,60,1139,0.0,0.0,41676.26090225559,1,3,16,47,0
23184,12,1932,2.0,-15114.0,33407.46203703705,0,7,26,21,0
390096,48,8127,0.0,0.0,38521.38698224849,1,9,26,22,0
390096,48,8127,0.0,0.0,38521.38698224849,0,11,21,27,0
186300,60,3105,0.0,0.0,51013.89042253522,1,11,16,53,0
67320,36,1870,0.0,0.0,19838.209933774815,1,1,26,28,0
117420,60,1957,6.0,-9308.0,23939.274999999998,1,2,21,34,0
53076,12,4423,1.0,-2720.2,28277.78847926271,1,5,21,52,0
415800,60,6930,9.0,-16917.6,32933.386096256676,0,9,5,51,0
247920,48,5165,5.0,-44663.6,39192.43518518518,0,4,16,43,1
146064,24,6086,11.0,-3264.0,34866.44824561402,0,6,1,47,0
116832,12,9736,2.0,-1372.5,21554.271859296496,0,10,18,52,0
116832,12,9736,2.0,-1372.5,21554.271859296496,1,1,23,55,0
317520,60,5292,1.0,-28107.3,41789.29525423727,0,2,16,32,0
73260,60,1221,1.0,-2681.0999999999985,27099.377127659558,0,7,7,60,0
475680,48,9910,1.0,-11763.099999999999,38283.033125,0,5,8,34,0
475680,48,9910,1.0,-11763.099999999999,38283.033125,1,5,6,34,0
44304,24,1846,0.0,0.0,53090.40772532184,1,6,20,34,0
72504,24,3021,1.0,-14985.699999999997,35291.55986622073,0,6,26,50,0
59136,48,1232,1.0,-2449.3999999999996,22917.942774566473,0,12,10,21,0
71976,24,2999,17.0,-19645.1,35489.835548172756,1,7,14,35,1
35904,48,748,0.0,0.0,15478.691304347834,1,1,22,54,0
88704,48,1848,0.0,0.0,14627.674131274136,0,10,29,40,0
88704,48,1848,0.0,0.0,14627.674131274136,1,1,17,42,0
119136,48,2482,2.0,-25271.0,44768.13241106717,0,5,15,37,0
150180,60,2503,3.0,-29876.9,48808.53495145634,1,5,1,63,0
90180,36,2505,1.0,-4053.8999999999996,23765.058940397364,1,9,23,40,0
67464,12,5622,0.0,0.0,39735.43297872347,1,12,25,65,0
67464,12,5622,0.0,0.0,42892.76808510639,1,12,25,65,0
341280,60,5688,14.0,-32912.6,29966.772081218267,1,4,14,51,0
83280,48,1735,0.0,0.0,37316.13732394369,0,11,4,59,0
97176,24,4049,1.0,-18927.699999999997,41752.53178807941,0,3,2,45,0
162624,48,3388,0.0,0.0,30092.84709897606,0,11,4,43,0
22932,36,637,0.0,0.0,36507.66256157635,0,11,19,47,0
17184,12,1432,1.0,-11025.8,29075.913043478286,0,5,31,56,0
66696,24,2779,44.0,-16769.6,19459.493197278898,0,12,22,34,1
76080,12,6340,1.0,-1287.7000000000007,50420.681007751955,0,4,6,21,0
84288,48,1756,0.0,0.0,29320.708433734926,0,11,1,23,0
67980,12,5665,0.0,0.0,38875.92124999998,0,3,31,54,0
94488,24,3937,3.0,-20073.199999999997,50407.94552529183,1,8,21,42,0
91632,12,7636,7.0,-3941.5,14745.23083700443,1,7,5,57,0
91632,12,7636,7.0,-3941.5,14745.23083700443,0,10,13,65,0
90156,12,7513,2.0,-3606.0999999999985,59569.584878048765,0,10,7,54,0
90156,12,7513,2.0,-3606.0999999999985,59569.584878048765,1,9,16,52,0
84600,36,2350,8.0,-58931.4,43846.57096774201,1,8,16,62,1
74040,12,6170,2.0,-14682.3,43660.080050505014,0,3,13,44,0
102240,60,1704,0.0,0.0,34378.67748091601,0,9,24,55,0
102240,60,1704,0.0,0.0,34378.67748091601,1,5,28,60,0
148140,36,4115,0.0,0.0,33820.928870292875,0,3,6,38,0
18720,60,312,0.0,0.0,36837.921212121226,1,10,31,40,0
18720,60,312,0.0,0.0,36837.921212121226,0,12,8,45,0
27456,12,2288,9.0,-19661.1,38585.64212454214,1,9,24,33,0
164256,48,3422,1.0,-14847.400000000001,41906.747692307676,1,8,20,28,0
164256,48,3422,1.0,-14847.400000000001,41906.747692307676,0,4,19,28,0
293880,60,4898,18.0,-23103.0,41729.51187214611,0,1,28,25,1
98304,12,8192,3.0,-19754.5,56659.37306122449,1,7,26,30,0
399120,60,6652,0.0,0.0,32879.70261437908,0,8,20,58,0
196800,24,8200,10.0,-63915.0,41279.1173076923,0,7,19,40,1
99936,24,4164,1.0,-8918.599999999999,55540.83633720926,0,1,22,34,0
124344,36,3454,12.0,-22246.699999999997,26403.213836477975,0,6,8,21,0
39024,12,3252,0.0,0.0,44758.24637681161,1,12,23,64,0
307200,60,5120,29.0,-19796.0,21708.17455621303,1,2,26,38,1
50112,24,2088,0.0,0.0,30779.078609625634,1,1,29,52,0
239160,60,3986,6.0,-16939.6,27261.38996539793,1,1,30,53,0
66840,24,2785,6.0,-10783.699999999997,26718.232126696843,0,5,17,61,0
66840,24,2785,6.0,-10783.699999999997,26718.232126696843,1,10,8,65,0
335280,48,6985,17.0,-25757.3,27084.884388185626,0,12,26,48,0
53232,48,1109,0.0,0.0,32223.507920792068,1,5,17,36,0
76992,24,3208,5.0,-13290.900000000001,37826.14662576686,1,10,17,35,0
39576,12,3298,2.0,-1893.1000000000004,20369.113559322042,0,7,29,36,0
39576,12,3298,2.0,-1893.1000000000004,20369.113559322042,1,11,15,30,0
220428,36,6123,1.0,-31731.3,43439.60754716982,1,6,7,38,0
159744,48,3328,0.0,0.0,40846.48298969071,0,4,10,27,0
165168,36,4588,3.0,-6793.800000000003,38016.17928286849,0,7,3,42,0
165168,36,4588,3.0,-6793.800000000003,38016.17928286849,1,4,10,37,0
268320,60,4472,0.0,0.0,14643.387790697687,0,9,29,48,0
100260,60,1671,3.0,-21499.4,41859.64162162162,1,7,19,33,0
164196,36,4561,5.0,-10479.599999999999,43142.65555555549,0,9,23,44,0
106944,24,4456,10.0,-21566.7,31431.962365591357,0,3,22,47,0
86880,12,7240,13.0,-33044.3,27153.20506329116,0,5,25,60,0
100080,48,2085,0.0,0.0,24620.157142857144,0,8,18,35,0
272220,60,4537,18.0,-8732.2,27809.01327014218,0,9,23,54,1
309660,60,5161,0.0,0.0,27650.613124999996,0,9,27,42,0
309660,60,5161,0.0,0.0,27650.613124999996,1,10,11,44,0
188616,24,7859,1.0,-10398.599999999999,43824.32894736839,1,11,9,62,0
188616,24,7859,1.0,-10398.599999999999,43824.32894736839,0,5,21,60,0
213300,60,3555,1.0,-13719.0,27853.894594594592,0,6,9,45,0
207264,48,4318,3.0,-12753.7,38240.09239130435,1,10,15,38,0
207264,48,4318,3.0,-12753.7,38240.09239130435,0,3,22,35,0
87360,24,3640,0.0,0.0,44254.35128205131,1,3,15,63,0
466608,48,9721,1.0,-24024.2,36437.22822966505,0,3,5,54,0
385104,48,8023,2.0,-2993.4000000000015,32751.99875518675,0,12,18,44,0
42900,12,3575,2.0,-22400.6,43975.210495626736,1,9,21,36,0
42900,12,3575,2.0,-22400.6,43975.210495626736,0,3,17,40,0
150912,36,4192,1.0,-8229.5,45521.068020304534,0,9,27,25,0
150912,36,4192,1.0,-8229.5,45521.068020304534,1,7,30,30,0
288720,48,6015,0.0,0.0,50076.90642857142,1,4,19,57,0
31620,60,527,0.0,0.0,29933.119375000002,1,10,24,61,0
34572,12,2881,1.0,-22455.6,39346.44513888892,0,12,30,24,0
33348,12,2779,11.0,-25189.8,33041.24337349399,0,9,12,30,0
285240,60,4754,0.0,0.0,32972.93316582916,1,5,28,48,0
285240,60,4754,0.0,0.0,32972.93316582916,0,4,6,49,0
88272,48,1839,8.0,-2748.7,11292.625789473688,0,5,13,21,0
305424,48,6363,0.0,0.0,35042.68285714286,0,10,13,37,0
233424,36,6484,1.0,-26817.5,39881.55589519651,1,2,17,41,0
59448,24,2477,14.0,-25394.2,38914.47153284673,1,8,26,48,1
74772,36,2077,0.0,0.0,18114.352432432435,1,12,22,40,0
294384,48,6133,2.0,-16786.5,51413.121402214,0,11,29,34,0
357840,48,7455,8.0,-7811.0,20435.33506493505,0,5,19,59,1
369000,60,6150,0.0,0.0,54652.45626666663,0,6,30,26,0
210384,48,4383,0.0,0.0,36607.353591160216,0,3,22,44,0
18324,12,1527,3.0,-849.4000000000015,22219.21282051281,0,4,11,49,0
18324,12,1527,3.0,-849.4000000000015,22219.21282051281,1,7,4,55,0
191088,48,3981,1.0,-5851.0,26299.366492146568,1,9,5,38,0
333648,48,6951,11.0,-23467.800000000003,39700.03999999998,0,7,10,24,1
77808,12,6484,1.0,-3338.5,43291.28450704226,1,11,29,45,0
77808,12,6484,1.0,-3338.5,43291.28450704226,0,5,13,37,0
33144,12,2762,1.0,-12184.099999999999,20877.18592964827,0,1,27,20,0
33144,12,2762,1.0,-12184.099999999999,20877.18592964827,1,3,19,24,0
67608,24,2817,11.0,-10974.6,16431.99035087719,0,1,25,37,0
67608,24,2817,11.0,-10974.6,16431.99035087719,1,10,17,45,0
41856,48,872,0.0,0.0,36929.858498023685,0,11,9,40,0
92400,12,7700,0.0,0.0,35006.71136363635,0,6,20,26,0
48312,24,2013,0.0,0.0,27174.96760563379,1,10,19,42,0
51360,12,4280,24.0,-45097.9,32749.812953367888,0,9,8,55,1
102876,12,8573,0.0,0.0,35237.84117647057,1,1,28,58,0
102876,12,8573,0.0,0.0,35237.84117647057,0,9,20,64,0
300600,60,5010,1.0,-191.59999999999854,41217.41532258069,0,6,26,36,0
97980,60,1633,0.0,0.0,17105.845525291854,0,3,14,20,0
99300,60,1655,1.0,-39.29999999999927,30149.118320610716,0,3,20,27,0
100800,24,4200,37.0,-8657.8,13708.509219858155,1,5,26,62,1
116040,60,1934,0.0,0.0,22499.033333333344,0,10,27,61,0
116040,60,1934,0.0,0.0,22499.033333333344,1,7,1,56,0
153504,48,3198,2.0,-2860.7999999999993,24949.97264573994,1,12,20,25,0
76944,12,6412,5.0,-14873.599999999999,38764.713357400644,0,9,13,44,0
202848,48,4226,9.0,-8183.0999999999985,21575.2894736842,0,9,30,60,0
202848,48,4226,9.0,-8183.0999999999985,21575.2894736842,1,11,30,66,0
78600,24,3275,0.0,0.0,22426.815447154462,1,5,9,44,0
57120,48,1190,0.0,0.0,44975.80454545455,1,8,13,42,0
390660,60,6511,3.0,-7033.5999999999985,53005.0567567568,0,6,29,22,0
83628,36,2323,0.0,0.0,20558.440157480323,0,9,23,23,0
83628,36,2323,0.0,0.0,21007.392125984243,0,9,23,23,0
68124,12,5677,1.0,-2700.3999999999996,29910.841509433936,1,11,1,43,0
405780,60,6763,0.0,0.0,28490.149523809523,1,1,19,49,0
57360,12,4780,25.0,-20551.2,21280.11510204082,1,9,19,43,1
289920,48,6040,0.0,0.0,51432.01644736838,0,1,27,56,0
97392,12,8116,4.0,-2893.5,44788.372361809044,1,6,23,40,0
97392,12,8116,4.0,-2893.5,44788.372361809044,0,3,5,39,0
14028,12,1169,0.0,0.0,52776.53835125449,0,12,27,55,0
158184,36,4394,1.0,-1387.9000000000015,43648.45412371139,1,8,7,47,0
23520,12,1960,0.0,0.0,17646.67413793102,1,11,11,59,0
23520,12,1960,0.0,0.0,17646.67413793102,0,5,30,56,0
473280,60,7888,8.0,-15163.599999999999,36801.19272727274,0,7,1,33,1
128544,24,5356,0.0,0.0,43712.098245614,0,11,29,49,0
204780,60,3413,0.0,0.0,49628.29400000002,1,2,24,47,0
162576,36,4516,1.0,-21056.5,38357.35432692309,1,1,26,47,0
128268,36,3563,0.0,0.0,53911.58224299066,1,12,8,58,0
214596,36,5961,1.0,-18986.6,47127.76141732283,1,9,8,63,0
214596,36,5961,1.0,-18986.6,47127.76141732283,0,12,2,63,0
177804,36,4939,1.0,-13796.900000000001,43719.63625730997,0,7,7,29,0
389136,48,8107,4.0,-13790.0,38541.945121951234,1,9,7,33,0
271584,48,5658,1.0,-11247.300000000003,53832.33061224493,1,4,24,24,0
94512,12,7876,52.0,-70192.3,20172.24881889764,1,11,28,48,1
311232,48,6484,2.0,-6507.5,57302.53590733595,0,8,27,54,0
127200,48,2650,0.0,0.0,31710.80694444447,1,4,6,35,0
8616,24,359,1.0,-12906.3,33000.775845410615,1,10,27,25,0
360864,48,7518,43.0,-28190.7,33155.08801843313,0,10,26,23,1
66432,24,2768,0.0,0.0,25145.579245283,0,4,13,29,0
66432,24,2768,0.0,0.0,25145.579245283,1,9,28,37,0
78696,36,2186,0.0,0.0,34527.345789473664,0,3,24,29,0
197808,24,8242,0.0,0.0,50170.3412280702,0,11,3,38,0
349392,48,7279,0.0,0.0,54970.68021582732,1,6,3,46,0
44940,12,3745,2.0,-65133.0,50274.52,0,1,20,24,0
44952,24,1873,0.0,0.0,41953.107075471686,1,3,25,30,0
230400,60,3840,4.0,-10744.0,56827.572594752215,1,7,24,39,0
107352,36,2982,0.0,0.0,44819.84639175257,0,12,28,61,0
79344,48,1653,1.0,-4171.700000000001,26724.587192118226,0,6,5,49,0
260400,60,4340,14.0,-11368.2,23858.086521739137,0,6,19,50,1
590820,60,9847,1.0,-4250.8,32789.74474885844,1,8,22,33,0
68664,24,2861,2.0,-13686.0,30128.352112676064,0,2,19,20,0
68664,24,2861,2.0,-13686.0,30128.352112676064,1,8,27,17,0
153144,36,4254,1.0,-2527.4000000000015,44472.97695035457,1,2,17,31,0
26208,36,728,0.0,0.0,23672.156862745127,0,4,12,27,0
48096,24,2004,0.0,0.0,26640.12166666665,1,7,19,42,0
89280,12,7440,2.0,-1871.1999999999998,37533.81453488364,1,11,14,53,0
238716,36,6631,0.0,0.0,47373.09999999997,1,7,1,36,0
53472,12,4456,1.0,-25197.4,51531.3465753424,1,3,26,60,0
53472,12,4456,1.0,-25197.4,51531.3465753424,0,10,10,66,0
168264,36,4674,6.0,-4544.9,15713.119999999995,1,10,8,50,0
460980,60,7683,32.0,-13962.7,17131.098989898983,0,12,9,36,1
59448,24,2477,9.0,-12159.7,20559.688571428556,1,12,1,43,0
63972,36,1777,13.0,-16324.3,16406.398058252424,1,5,24,53,1
541200,60,9020,165.0,-26954.4,3677.5554179566584,0,12,18,54,1
219456,48,4572,0.0,0.0,50891.31585365852,0,1,15,40,0
219456,48,4572,0.0,0.0,50891.31585365852,1,3,10,45,0
129312,24,5388,16.0,-20534.800000000003,31324.446753246753,0,10,20,27,1
194256,24,8094,2.0,-11491.0,37422.51024390241,1,4,15,32,0
12540,12,1045,0.0,0.0,43490.52992700729,0,2,12,60,0
12540,12,1045,0.0,0.0,43490.52992700729,1,2,19,64,0
203940,60,3399,0.0,0.0,34774.07567567568,0,5,11,46,0
385560,60,6426,34.0,-42709.6,14578.793670886082,1,4,15,44,1
24792,24,1033,1.0,-17210.6,44803.512931034544,1,6,6,42,0
265320,36,7370,10.0,-19242.0,39033.481967213105,1,9,21,33,1
30276,12,2523,9.0,-24548.4,43208.21029411758,1,2,9,38,0
19248,12,1604,1.0,-5880.5999999999985,29638.1708074534,1,10,16,36,0
19248,12,1604,1.0,-5880.5999999999985,29638.1708074534,0,10,7,29,0
30276,12,2523,7.0,-19547.300000000003,45607.47132352942,1,2,9,38,0
100128,24,4172,1.0,-7013.5,58524.021399176985,0,4,6,52,0
45768,12,3814,3.0,-3554.5,49722.15543859643,1,8,1,56,0
45768,12,3814,3.0,-3554.5,49722.15543859643,0,2,9,62,0
42840,12,3570,0.0,0.0,30125.659398496246,1,11,11,63,0
155760,24,6490,4.0,-11815.6,33965.67159763314,0,7,31,52,0
130464,48,2718,0.0,0.0,45009.76415094343,1,3,22,26,0
87528,24,3647,1.0,-7867.5,49767.468181818185,1,2,16,49,0
87528,24,3647,1.0,-7867.5,49767.468181818185,0,3,1,48,0
77544,36,2154,1.0,-4699.4,33673.56204819276,0,4,14,58,0
49320,36,1370,0.0,0.0,25209.12011494251,1,2,1,34,0
24180,60,403,0.0,0.0,73886.53104838717,1,10,19,62,0
116496,24,4854,10.0,-9920.599999999999,27663.88924731182,1,10,7,42,0
468060,60,7801,2.0,-12218.400000000001,52802.57395348835,0,10,19,53,0
468060,60,7801,2.0,-12218.400000000001,52802.57395348835,1,4,1,55,0
293160,60,4886,1.0,-5863.699999999997,41208.30978260871,0,1,17,22,0
465504,48,9698,20.0,-9503.7,14254.381632653052,1,5,4,38,1
79824,12,6652,0.0,0.0,46748.810937500006,1,12,30,44,0
106128,36,2948,4.0,-25148.6,34821.6141791045,1,12,21,22,0
177504,48,3698,1.0,-1589.5999999999985,42882.36874999999,1,4,12,56,0
247920,48,5165,1.0,-16707.9,45458.82227979272,0,4,4,58,0
348120,60,5802,2.0,-9840.5,45195.03402777777,0,7,20,38,0
267600,48,5575,2.0,-42608.3,43374.10208333334,0,1,20,42,0
61320,60,1022,0.0,0.0,21939.383428571422,0,9,17,53,0
218064,48,4543,0.0,0.0,43425.40984848484,0,4,8,56,0
63576,12,5298,4.0,-65798.7,46785.97723577234,0,4,3,40,0
407952,48,8499,4.0,-7649.6,11582.690551181104,0,2,28,26,1
170448,48,3551,0.0,0.0,34804.03459119496,0,10,11,57,0
170448,48,3551,0.0,0.0,34804.03459119496,1,5,5,58,0
136368,24,5682,1.0,-9.599999999998545,37914.48972602739,1,7,4,31,0
143676,36,3991,0.0,0.0,42018.76263736266,1,12,12,48,0
66696,24,2779,0.0,0.0,61553.73821138214,1,1,1,24,0
152160,60,2536,7.0,-8171.3,18480.218279569886,0,4,11,52,0
152160,60,2536,7.0,-8171.3,18480.218279569886,1,7,10,52,0
125472,24,5228,2.0,-13755.099999999999,63140.14124293786,0,7,1,54,0
125472,24,5228,2.0,-13755.099999999999,63140.14124293786,1,7,19,56,0
35856,24,1494,0.0,0.0,47836.740963855416,0,7,19,33,0
123300,36,3425,4.0,-13199.900000000001,41674.240000000005,0,3,17,55,0
504000,60,8400,2.0,-3534.8,22458.30558375635,1,2,28,29,0
31260,12,2605,2.0,-989.1999999999998,18358.044210526306,1,3,21,32,0
31260,12,2605,2.0,-989.1999999999998,18358.044210526306,0,9,29,36,0
23412,12,1951,1.0,-22456.1,52497.82019704425,1,8,26,45,0
23412,12,1951,1.0,-22456.1,52497.82019704425,0,9,27,43,0
566640,60,9444,0.0,0.0,33387.40507614214,0,2,6,28,0
566640,60,9444,0.0,0.0,33387.40507614214,1,12,19,33,0
176328,36,4898,0.0,0.0,43422.61672597865,1,6,14,57,0
176328,36,4898,0.0,0.0,43422.61672597865,0,1,5,58,0
64224,24,2676,0.0,0.0,33975.789908256884,1,12,13,63,0
64224,24,2676,0.0,0.0,33975.789908256884,0,8,13,58,0
42384,12,3532,1.0,-15637.599999999999,37195.6985221675,0,12,7,59,0
22104,12,1842,0.0,0.0,46629.09225806451,0,4,10,35,0
57060,12,4755,1.0,-2449.5,40882.23762886601,1,3,9,57,0
37944,36,1054,0.0,0.0,58580.83571428564,0,4,10,34,0
122472,24,5103,1.0,-44171.1,42275.56748768469,0,1,31,39,0
160656,24,6694,4.0,-48749.2,40446.806696428604,0,12,10,30,0
374760,60,6246,1.0,-12458.400000000001,44081.894312796205,1,6,12,49,0
374760,60,6246,1.0,-12458.400000000001,44081.894312796205,0,8,24,46,0
194160,48,4045,0.0,0.0,24967.620869565177,0,5,10,55,0
321240,60,5354,1.0,-15801.0,59489.72063492055,1,1,23,30,0
153936,24,6414,1.0,-8457.1,43106.191666666644,1,8,28,51,0
156096,36,4336,2.0,-13515.0,35061.679245283,1,8,3,48,0
428784,48,8933,8.0,-7697.4,15808.935078534061,1,4,14,64,0
428784,48,8933,8.0,-7697.4,15808.935078534061,0,10,23,63,0
93036,12,7753,3.0,-5455.4,41325.49450549452,0,9,12,20,0
133800,24,5575,0.0,0.0,35801.02011494255,1,3,12,59,0
178500,60,2975,0.0,0.0,14556.46530612247,0,8,26,29,0
196224,48,4088,1.0,-2802.300000000003,58907.32173913041,1,3,16,50,0
220440,60,3674,2.0,-12991.5,29327.146938775513,0,11,2,45,0
215040,60,3584,0.0,0.0,35173.168456375875,0,10,20,40,0
52236,36,1451,0.0,0.0,37948.580116959085,1,9,25,62,0
52236,36,1451,0.0,0.0,37948.580116959085,0,8,26,64,0
194280,60,3238,0.0,0.0,41122.69033816426,1,8,12,31,0
23328,12,1944,1.0,-32571.8,30685.988636363647,0,10,19,36,0
23328,12,1944,1.0,-32571.8,30685.988636363647,1,2,27,40,0
272220,60,4537,0.0,0.0,40949.20744680855,0,11,27,60,0
334620,60,5577,0.0,0.0,52255.231521739115,0,5,9,39,0
334620,60,5577,0.0,0.0,52255.231521739115,1,7,23,45,0
40632,12,3386,0.0,0.0,47399.16161137438,0,5,3,55,0
49044,12,4087,0.0,0.0,28345.643373493986,0,4,11,47,0
84288,48,1756,2.0,-4561.0,28695.560000000012,0,9,27,43,0
157068,36,4363,1.0,-1352.5999999999985,41011.0735632184,0,9,12,29,0
133848,24,5577,8.0,-4389.9,33927.57660818714,0,6,6,40,0
22356,36,621,1.0,-2055.1000000000004,19878.853398058236,1,4,4,60,0
36204,12,3017,9.0,-17977.3,20819.52146596858,1,1,6,62,1
240528,48,5011,5.0,-13678.7,27016.07210884355,1,6,29,44,0
279072,48,5814,10.0,-8619.199999999997,29894.666428571407,1,1,19,31,0
279072,48,5814,10.0,-8619.199999999997,29894.666428571407,0,6,23,33,0
188532,36,5237,1.0,-22390.4,49651.670048309184,0,9,1,25,0
49488,24,2062,0.0,0.0,36236.2476744186,0,11,12,59,0
50976,36,1416,1.0,-3091.9000000000015,22958.33193717278,1,10,27,21,0
41256,12,3438,1.0,-2880.300000000003,55743.71939799318,1,8,3,62,0
41256,12,3438,1.0,-2880.300000000003,55743.71939799318,0,12,10,60,0
140880,60,2348,2.0,-8821.5,31831.646739130443,1,12,27,43,0
321360,60,5356,1.0,-9841.300000000003,42255.595979899495,1,1,24,25,0
110736,48,2307,0.0,0.0,27990.431782945772,0,1,30,60,0
110736,48,2307,0.0,0.0,29951.556589147287,0,1,30,60,0
144960,48,3020,1.0,-6114.199999999997,54028.63066037737,0,3,17,33,0
339168,48,7066,0.0,0.0,29334.415533980573,0,1,13,58,0
93888,36,2608,1.0,-12576.099999999999,51004.65555555557,1,7,2,64,0
93888,36,2608,1.0,-12576.099999999999,51004.65555555557,0,9,17,57,0
104964,12,8747,0.0,0.0,31886.123428571405,1,5,11,34,0
74352,24,3098,0.0,0.0,38733.090425531904,0,11,23,43,0
191580,60,3193,0.0,0.0,14336.188775510209,0,1,11,34,0
81144,36,2254,1.0,-8283.5,47226.66956521737,0,5,27,56,0
45720,12,3810,1.0,-927.7000000000007,29704.168707483004,0,12,15,22,0
140064,24,5836,0.0,0.0,53201.279057591666,0,7,18,50,0
130896,24,5454,0.0,0.0,33195.889374999984,0,6,15,46,0
130896,24,5454,0.0,0.0,33195.889374999984,1,8,15,52,0
10944,36,304,0.0,0.0,21508.82812499999,1,7,10,49,0
49872,12,4156,1.0,-11205.400000000001,49747.074657534155,0,2,12,33,0
22260,60,371,0.0,0.0,28311.698333333345,0,11,26,60,0
136344,24,5681,0.0,0.0,29253.185227272694,0,5,26,36,0
136344,24,5681,0.0,0.0,29253.185227272694,1,9,10,38,0
495180,60,8253,2.0,-5749.5999999999985,34518.85810810811,0,12,25,21,0
174960,24,7290,1.0,-604.7000000000007,52697.59040404037,0,9,15,23,0
43200,24,1800,0.0,0.0,34852.364000000016,0,5,16,51,0
5148,12,429,1.0,-13623.7,32907.15200000001,0,3,18,37,0
45456,12,3788,1.0,-9473.900000000001,34317.894791666666,0,5,15,53,0
140688,48,2931,0.0,0.0,36404.36228070176,1,6,23,59,0
140688,48,2931,0.0,0.0,36404.36228070176,0,11,13,60,0
140688,48,2931,0.0,0.0,39171.57631578946,1,6,23,59,0
140688,48,2931,0.0,0.0,39171.57631578946,0,11,13,60,0
112752,36,3132,1.0,-10878.3,42187.663218390786,0,1,5,44,0
314688,48,6556,2.0,-2772.7999999999993,41567.882876712334,1,1,26,26,0
151200,36,4200,3.0,-7102.0,36310.7088888889,1,10,10,54,0
390000,48,8125,2.0,-5600.7,33919.17959183674,1,12,13,53,0
185640,60,3094,0.0,0.0,24893.83300000002,0,7,16,38,0
76104,24,3171,0.0,0.0,20320.08592592591,0,10,3,39,0
76104,24,3171,0.0,0.0,20320.08592592591,1,6,13,36,0
69600,48,1450,0.0,0.0,39135.74895104901,1,4,14,31,0
69600,48,1450,0.0,0.0,39135.74895104901,0,4,18,37,0
234336,48,4882,2.0,-3415.2000000000007,32116.819819819815,0,12,3,29,0
152460,60,2541,0.0,0.0,17033.756896551728,0,11,17,49,0
156420,60,2607,0.0,0.0,39570.51509433964,1,3,8,43,0
30012,12,2501,2.0,-16648.0,40334.93943661972,1,11,26,47,0
78720,48,1640,0.0,0.0,39576.33090909094,0,6,1,56,0
269964,36,7499,0.0,0.0,47516.43277310922,0,2,14,21,0
212976,36,5916,3.0,-17007.9,36911.97934782611,0,6,27,27,0
212976,36,5916,3.0,-17007.9,36911.97934782611,1,6,21,22,0
184620,60,3077,0.0,0.0,27706.315131578936,0,9,16,37,0
225504,48,4698,0.0,0.0,46071.33896103895,1,1,28,20,0
71820,36,1995,0.0,0.0,46048.814999999966,1,2,9,36,0
108720,60,1812,0.0,0.0,41682.216504854376,0,10,2,34,0
208332,36,5787,2.0,-5611.200000000001,50782.13580246914,0,4,18,20,0
88608,12,7384,0.0,0.0,41591.607831325244,1,12,9,53,0
88608,12,7384,0.0,0.0,41591.607831325244,0,10,26,45,0
31140,60,519,0.0,0.0,33151.46219512198,1,1,20,23,0
12792,12,1066,0.0,0.0,32302.20982142857,0,7,19,27,0
96984,36,2694,1.0,-141.60000000000036,13275.941935483872,1,1,28,28,0
64860,60,1081,0.0,0.0,40363.23743016752,0,11,2,21,0
331584,48,6908,1.0,-10637.0,32731.47286821704,0,5,26,27,0
331584,48,6908,1.0,-10637.0,32731.47286821704,1,4,20,33,0
109344,12,9112,0.0,0.0,42451.299999999996,0,10,25,56,0
290820,60,4847,0.0,0.0,43539.04803149608,1,10,28,63,0
58764,12,4897,4.0,-4116.799999999999,33248.15616438357,0,1,1,54,0
58764,12,4897,4.0,-4116.799999999999,33248.15616438357,1,5,21,59,0
280440,60,4674,1.0,-19533.800000000003,37600.984722222245,0,9,9,48,0
271260,60,4521,14.0,-6355.4,8673.678571428565,1,1,6,29,0
170700,60,2845,4.0,-7741.2,27213.308730158722,1,8,4,29,0
335184,48,6983,24.0,-22488.7,19054.76717557249,0,4,3,22,1
210744,36,5854,0.0,0.0,33010.371830985925,1,11,29,22,0
86184,36,2394,2.0,-11555.3,23116.607142857156,1,8,31,32,0
249792,48,5204,1.0,-49020.7,38941.810666666686,1,1,13,35,0
172272,24,7178,1.0,-6430.699999999997,46370.48902439026,1,3,12,57,0
437460,60,7291,0.0,0.0,28817.94939759035,0,6,24,47,0
231168,48,4816,1.0,-2294.9000000000015,42707.39322033899,0,5,11,22,0
125472,24,5228,3.0,-4425.0,38128.104065040665,1,11,25,60,0
37812,12,3151,4.0,-6854.6,37636.94966887417,0,1,26,35,0
170832,48,3559,0.0,0.0,54997.167032967,1,1,7,30,0
42816,12,3568,0.0,0.0,13836.597169811326,1,6,1,63,0
42816,12,3568,0.0,0.0,13836.597169811326,0,9,14,59,0
209040,24,8710,1.0,-16603.3,39349.21555555554,1,3,25,21,0
88200,36,2450,0.0,0.0,35907.27256637167,1,12,3,56,0
88200,36,2450,0.0,0.0,35907.27256637167,0,11,16,55,0
321936,48,6707,1.0,-52.09999999999991,31000.460294117664,0,4,8,39,0
321936,48,6707,1.0,-52.09999999999991,31000.460294117664,1,7,26,43,0
74916,36,2081,1.0,-8935.199999999997,45881.445812807855,1,9,16,58,0
253560,60,4226,0.0,0.0,30161.208,0,6,20,49,0
113436,36,3151,2.0,-10380.199999999997,51791.657812499965,1,1,1,44,0
174840,60,2914,0.0,0.0,28963.658928571425,0,5,7,49,0
253200,60,4220,0.0,0.0,29366.41153846152,1,11,27,64,0
39168,24,1632,0.0,0.0,48848.39054054054,0,2,22,21,0
385584,48,8033,1.0,-5942.199999999997,57894.406122449,1,10,22,26,0
385584,48,8033,1.0,-5942.199999999997,57894.406122449,0,8,4,21,0
44640,24,1860,1.0,-29362.2,33629.57654320985,1,2,11,43,0
44640,24,1860,1.0,-29957.9,34073.693827160496,1,2,11,43,0
17952,12,1496,1.0,-128.90000000000146,25152.3445945946,0,2,22,46,0
165780,60,2763,4.0,-45237.5,35802.92265625,1,7,24,49,0
38496,12,3208,0.0,0.0,37796.335416666676,0,1,30,36,0
185544,36,5154,4.0,-7430.700000000001,15692.88181818183,1,9,29,61,0
82128,24,3422,3.0,-13402.7,25803.3510638298,1,4,3,31,0
318480,60,5308,5.0,-6111.2,30048.486718749966,1,8,26,48,1
189792,48,3954,3.0,-5424.0,26659.733333333344,1,6,7,60,0
327660,60,5461,3.0,-7131.3,39275.749285714286,0,3,18,58,0
41988,12,3499,1.0,-15858.5,34136.327338129486,1,3,9,27,0
41988,12,3499,1.0,-15858.5,34136.327338129486,0,6,7,34,0
69624,36,1934,1.0,-17629.6,45247.84842767297,1,1,23,53,0
16032,48,334,0.0,0.0,19272.03909774436,0,12,8,35,0
99744,24,4156,0.0,0.0,33819.825688073426,0,8,28,29,0
99216,36,2756,0.0,0.0,45819.97395833335,0,3,22,49,0
99216,36,2756,0.0,0.0,45819.97395833335,1,1,14,56,0
317460,60,5291,1.0,-2079.9000000000015,52010.42549019612,1,11,20,25,0
91248,48,1901,1.0,-4233.299999999999,22094.250000000004,0,1,8,27,0
276084,36,7669,1.0,-4072.5,48166.057894736776,0,3,13,36,0
163332,36,4537,2.0,-9001.0,20421.963768115955,1,12,8,63,0
230220,36,6395,1.0,-1793.5999999999985,49232.84303797465,1,1,26,50,0
160920,36,4470,0.0,0.0,38811.990625000006,1,10,19,29,0
352704,48,7348,1.0,-2864.3,21912.898275862084,0,12,27,50,0
52512,12,4376,0.0,0.0,47023.13636363642,1,12,15,56,0
139488,24,5812,4.0,-14099.5,34391.24056603774,1,9,4,31,0
55632,24,2318,6.0,-16771.0,23801.057758620696,1,12,18,52,0
240900,60,4015,2.0,-3096.3999999999996,21200.249593495922,0,8,25,51,0
